EVENTID,AUTHOR   ,DATE      ,TIME       ,LAT     ,LON      ,DEPTH,DEPFIX,AUTHOR   ,TYPE  ,MAG ,,,
,,,,,,,,,,,,,
,,,,,,,,,,,,,
726330,ISC      ,7/19/1975,59:29.6,41.3997,-73.8089,3,TRUE  ,PAL;NEIS ,M     ,2.3,,,
,,,,,,,,,,,,,
,,,,,,,,,,,,,
722677,OTT      ,10/8/1975,9:00:01,43.5,-78.48,     ,      ,OTT      ,mL    ,2,,,
,,,,,,,,,,,,,
,,,,,,,,,,,,,
723228,ISC      ,10/24/1975,43:09.2,41.486,-73.8419,3,TRUE  ,PAL;NEIS ,M     ,2.2,,,
,,,,,,,,,,,,,
,,,,,,,,,,,,,
716489,ISC      ,3/11/1976,07:16.7,40.9983,-74.3697,5,TRUE  ,PAL;NEIS ,M     ,2.4,,,
,,,,,,,,,,,,,
,,,,,,,,,,,,,
715861,ISC      ,4/24/1976,22:21.1,41.44,-72.4844,8.1,TRUE  ,APT;NEIS ,M     ,2.2,,,
,,,,,,,,,,,,,
,,,,,,,,,,,,,
702930,NEIS     ,2/27/1977,05:34.6,37.897,-78.628,5,      ,BLA;NEIS ,MB    ,2.4,,,
,,,,,,,,,,,,,
,,,,,,,,,,,,,
684610,ISC      ,3/5/1978,53:24.3,41.3907,-74.1807,5,TRUE  ,PAL;NEIS ,M     ,2.1,,,
,,,,,,,,,,,,,
,,,,,,,,,,,,,
684638,NEIS     ,3/5/1978,23:21:02,43.48,-79.75,18,      ,OTT;NEIS ,M     ,2.3,,,
,,,,,,,,,,,,,
,,,,,,,,,,,,,
682410,NEIS     ,5/18/1978,29:37.9,41.022,-74.335,6,      ,PAL;NEIS ,M     ,1.5,,,
,,,,,,,,,,,,,
,,,,,,,,,,,,,
681652,ISC      ,6/30/1978,39:48.6,41.089,-74.2134,12.6,      ,PAL;NEIS ,M     ,2.2,,,
,,,,,,,,,,,,,
,,,,,,,,,,,,,
676092,ISC      ,9/1/1978,33:42.7,42.4953,-71.4663,6.4,      ,WES;NEIS ,M     ,2,,,
,,,,,,,,,,,,,
,,,,,,,,,,,,,
654900,NEIS     ,12/30/1979,15:11.6,41.14,-73.69,5,      ,WES;NEIS ,M     ,2.5,,,
,,,,,,,,,,,,,
,,,,,,,,,,,,,
648151,ISC      ,4/22/1980,14:06.3,36.5023,-80.6653,5,TRUE  ,BLA;NEIS ,M     ,2.5,,,
,,,,,,,,,,,,,
,,,,,,,,,,,,,
642730,ISC      ,7/31/1980,26:58.9,38.015,-84.1291,13,TRUE  ,NEIS     ,M     ,2.5,,,
,,,,,,,,,,,,,
,,,,,,,,,,,,,
640577,ISC      ,8/25/1980,41:37.5,38.1926,-83.7651,13,TRUE  ,NEIS     ,M     ,2.5,,,
,,,,,,,,,,,,,
,,,,,,,,,,,,,
635895,ISC      ,11/23/1980,39:31.4,42.6335,-71.3849,3.1,      ,WES;NEIS ,M     ,2.5,,,
,,,,,,,,,,,,,
,,,,,,,,,,,,,
634711,NEIS     ,12/30/1980,07:08.1,38.2,-83.91,11,      ,TEIC     ,ML    ,1.6,,,
,,,,,,,,,,,,,
,,,,,,,,,,,,,
609063,ISC      ,11/23/1981,14:50.0,38.2462,-79.0772,7.8,      ,BLA      ,ML    ,2.1,,,
,,,,,,,,,,,,,
,,,,,,,,,,,,,
592808,NEIS     ,9/29/1982,15:38.4,41.51,-72.47,     ,      ,NEIS     ,Mc    ,0.7,,,
,,,,,,,,,,,,,
,,,,,,,,,,,,,
588717,ISC      ,11/9/1982,42:18.6,42.5125,-72.1941,8,      ,WES;NEIS ,MBLG  ,2.3,,,
,,,,,,,,,,,,,
,,,,,,,,,,,,,
565082,ISC      ,11/17/1983,55:06.2,39.8468,-75.6831,3.4,      ,BLA;NEIS ,MbLg  ,2.2,,,
,,,,,,,,,,,,,
,,,,,,,,,,,,,
504989,ISC      ,1/5/1986,35:55.2,40.9857,-73.8216,14,      ,PAL      ,ML    ,1.8,,,
,,,,,,,,,,,,,
,,,,,,,,,,,,,
494491,ISC      ,5/2/1986,53:50.3,39.809,-76.4755,1.2,      ,NED;NEIC ,MD    ,2.5,,,
,,,,,,,,,,,,,
,,,,,,,,,,,,,
461825,NEIC     ,7/11/1987,22:18.7,36.1,-83.819,21,      ,TEIC;NEIC,MD    ,1.9,,,
,,,,,,,,,,,,,
,,,,,,,,,,,,,
453414,ISC      ,11/21/1987,03:21.8,36.8107,-80.7742,3,TRUE  ,BLA      ,MD    ,2.1,,,
,,,,,,,,,,,,,
,,,,,,,,,,,,,
381154,ISC      ,1/13/1990,47:55.0,39.3945,-76.8765,5,TRUE  ,NEIC;NEIC,mbLg  ,2.5,,,
,,,,,,,,,,,,,
,,,,,,,,,,,,,
381970,ISC      ,1/23/1990,41:06.0,42.5144,-71.5455,7.8,      ,NEIC;NEIC,mbLg  ,2.3,WES;NEIC ,,
,,,,,,,,,,,,,
MD    ,2.5,,,,,,,,,,,,
365149,ISC      ,6/4/1990,26:47.6,41.0765,-83.5948,5,TRUE  ,NEIC;NEIC,mbLg  ,2.5,,,
,,,,,,,,,,,,,
,,,,,,,,,,,,,
335702,ISC      ,4/17/1991,42:39.1,40.3877,-77.9519,0,TRUE  ,USGS;NEIC,mbLg  ,2.5,,,
,,,,,,,,,,,,,
,,,,,,,,,,,,,
321234,ISC      ,9/28/1991,27:35.3,39.5376,-77.0158,5,TRUE  ,USGS;NEIC,mbLg  ,2.4,,,
,,,,,,,,,,,,,
,,,,,,,,,,,,,
321323,ISC      ,9/29/1991,21:31.9,39.7317,-74.9005,5,TRUE  ,PAL;NEIC ,MD    ,2.2,,,
,,,,,,,,,,,,,
,,,,,,,,,,,,,
307345,NEIC     ,1/15/1992,16:27.8,41.239,-74.16,7,      ,PAL;NEIC ,MD    ,2.5,,,
,,,,,,,,,,,,,
,,,,,,,,,,,,,
292154,ISC      ,5/19/1992,45:06.3,36.7748,-80.7073,5,TRUE  ,BLA;NEIC ,MD    ,2,,,
,,,,,,,,,,,,,
,,,,,,,,,,,,,
266308,NEIC     ,10/6/1992,05:47.4,43.3,-71.57,5,      ,WES;NEIC ,mbLg  ,2.3,,,
,,,,,,,,,,,,,
,,,,,,,,,,,,,
249642,ISC      ,2/26/1993,13:33.7,39.8691,-74.9344,5,TRUE  ,USGS;NEIC,mbLg  ,2.5,,,
,,,,,,,,,,,,,
,,,,,,,,,,,,,
242492,ISC      ,3/10/1993,32:21.3,39.226,-76.8766,5,TRUE  ,BLA;NEIC ,MD    ,2.5,,,
,,,,,,,,,,,,,
,,,,,,,,,,,,,
237179,NEIC     ,4/4/1993,31:29.4,39.17,-76.8,5,      ,NED      ,MD    ,1.5,,,
,,,,,,,,,,,,,
,,,,,,,,,,,,,
218718,NEIC     ,7/9/1993,31:01.4,39.2,-76.9,5,      ,NED      ,MD    ,1.9,,,
2,,,,,,,,,,,,,
,,,,,,,,,,,,,
24806,ISC      ,7/28/1993,33:53.5,42.6425,-71.367,4,      ,WES;NEIC ,MD    ,2.3,,,
,,,,,,,,,,,,,
,,,,,,,,,,,,,
178020,ISC      ,4/16/1994,10:12.5,35.7522,-83.971,3.3,      ,TVA;NEIC ,M     ,1.5,,,
,,,,,,,,,,,,,
,,,,,,,,,,,,,
172287,ISC      ,5/7/1994,31:37.6,40.2599,-76.0057,26.4,      ,USGS;NEIC,mbLg  ,2.5,,,
1,,,,,,,,,,,,,
,,,,,,,,,,,,,
73690,NEIC     ,5/18/1994,5:18:55,40,-76.2,5,      ,NED      ,MD    ,2.4,,,
,,,,,,,,,,,,,
,,,,,,,,,,,,,
960215,ISC      ,4/22/1996,44:28.5,41.6436,-71.1008,5,TRUE  ,USGS;NEIC,mbLg  ,2.5,,,
9,,,,,,,,,,,,,
,,,,,,,,,,,,,
87430,NEIC     ,9/21/1996,1:24:00,35.7,-84,5,      ,USGS;NEIC,mbLg  ,2,,,
,,,,,,,,,,,,,
,,,,,,,,,,,,,
992173,ISC      ,10/17/1996,43:25.3,39.5753,-76.0662,2.3,      ,USGS;NEIC,mbLg  ,2.3,PAL;NEIC ,MD    ,
,,,,,,,,,,,,,
2.2,,,,,,,,,,,,,
1002926,NEIC     ,12/22/1996,56:17.2,39.2,-76.9,5,      ,NED;NEIC ,MD    ,2.3,,,
,,,,,,,,,,,,,
,,,,,,,,,,,,,
1032331,ISC      ,6/16/1997,43:17.3,40.0944,-76.9496,10.8,      ,USGS;NEIC,mbLg  ,1.9,NED;NEIC ,,
,,,,,,,,,,,,,
MD    ,2.2,,,,,,,,,,,,
1038896,ISC      ,7/27/1997,10:38.3,38.5305,-78.6495,5,TRUE  ,USGS;NEIC,mbLg  ,2.5,,,
,,,,,,,,,,,,,
,,,,,,,,,,,,,
1044570,ISC      ,9/29/1997,45:08.8,38.6729,-77.3586,5,TRUE  ,USGS;NEIC,mbLg  ,2.5,,,
,,,,,,,,,,,,,
,,,,,,,,,,,,,
1049918,ISC      ,10/30/1997,42:21.0,36.7348,-81.1787,9.7,TRUE  ,BLA;NEIC ,MD    ,,,,
,,,,,,,,,,,,,
2.2,,,,,,,,,,,,,
1049975,ISC      ,10/30/1997,59:39.7,36.7362,-81.0093,8.8,TRUE  ,BLA;NEIC ,,,,,
,,,,,,,,,,,,,
MD    ,2.1,,,,,,,,,,,,
1093737,ISC      ,4/21/1998,28:26.1,38.1502,-78.5346,13.1,      ,USGS;NEIC,,,,,
,,,,,,,,,,,,,
mbLg  ,2.5,,,,,,,,,,,,
1107639,ISC      ,5/20/1998,53:26.9,38.7555,-78.3742,1.3,      ,USGS;NEIC,,,,,
,,,,,,,,,,,,,
mbLg  ,2.2,BLA;NEIC ,MD    ,2.4,,,,,,,,,
1443432,OTT      ,1/25/1999,12:28.9,42.7873,-77.8202,5,TRUE  ,,,,,,
,,,,,,,,,,,,,
LDO      ,MD    ,2.5,,,,,,,,,,,
1443878,OTT      ,1/27/1999,57:19.5,42.3112,-82.3141,5,,,,,,,
,,,,,,,,,,,,,
TRUE  ,OTT      ,MN    ,2.5,,,,,,,,,,
1844497,OTT      ,9/22/1999,02:22.3,41.826,-81.4759,18,,,,,,,
,,,,,,,,,,,,,
TRUE  ,NEIC     ,MN    ,2.5,,,,,,,,,,
1919044,OTT      ,10/30/1999,02:48.8,42.0647,-80.4047,,,,,,,,
,,,,,,,,,,,,,
18,TRUE  ,OTT      ,MN    ,2.5,,,,,,,,,
1785559,ISC      ,1/21/2000,59:48.4,43.026,-71.196,,,,,,,,
,,,,,,,,,,,,,
9.3,      ,WES      ,MD    ,2.5,,,,,,,,,
1795919,ISC      ,4/29/2000,34:54.0,37.633,-77.6,5,,,,,,,
,,,,,,,,,,,,,
TRUE  ,NEIC     ,MN    ,2.5,,,,,,,,,,
2917258,OTT      ,6/7/2000,19:18.8,42.0073,-80.7795,18,,,,,,,
,,,,,,,,,,,,,
TRUE  ,OTT      ,MN    ,2,,,,,,,,,,
2917260,OTT      ,6/7/2000,55:09.7,42.0073,-80.7795,18,,,,,,,
,,,,,,,,,,,,,
TRUE  ,OTT      ,MN    ,2.4,,,,,,,,,,
1910290,ISC      ,8/22/2000,45:12.9,41.602,-73.752,6.7,,,,,,,
,,,,,,,,,,,,,
TRUE  ,NEIC     ,MN    ,2.5,,,,,,,,,,
1911947,NEIC     ,10/5/2000,33:56.4,39.949,-76.198,5,,,,,,,
,,,,,,,,,,,,,
TRUE  ,NEIC     ,MN    ,2,,,,,,,,,,
3189765,OTT      ,10/9/2000,14:06.8,43.138,-78.7314,0,,,,,,,
,,,,,,,,,,,,,
TRUE  ,OTT      ,MN    ,2.1,,,,,,,,,,
3190613,ISC      ,10/20/2000,26:31.9,42.256,-80.635,5,,,,,,,
,,,,,,,,,,,,,
TRUE  ,OTT      ,MN    ,2.5,,,,,,,,,,
1913013,ISC      ,11/6/2000,16:35.1,42.74,-74.209,8,,,,,,,
,,,,,,,,,,,,,
TRUE  ,LDO      ,MD    ,2.4,,,,,,,,,,
3407450,OTT      ,1/15/2001,13:54.1,42.6477,-78.447,18,,,,,,,
,,,,,,,,,,,,,
TRUE  ,OTT      ,MN    ,2,,,,,,,,,,
2039820,NEIC     ,1/17/2001,34:22.6,40.777,-73.954,7,,,,,,,
,,,,,,,,,,,,,
TRUE  ,NEIC     ,MN    ,2.5,LDO      ,MD    ,2.4,,,,,,,
3407531,OTT      ,1/22/2001,05:40.9,42.4807,-77.5238,,,,,,,,
,,,,,,,,,,,,,
5,TRUE  ,OTT      ,MN    ,2.4,,,,,,,,,
3407594,OTT      ,1/25/2001,19:23.6,42.4964,-77.4719,,,,,,,,
,,,,,,,,,,,,,
5,TRUE  ,OTT      ,MN    ,2.5,,,,,,,,,
3407598,OTT      ,1/25/2001,00:26.1,42.4944,-77.4194,,,,,,,,
,,,,,,,,,,,,,
1,TRUE  ,OTT      ,MN    ,2.1,,,,,,,,,
3407601,OTT      ,1/26/2001,11:30.5,41.934,-80.7248,,,,,,,,
,,,,,,,,,,,,,
5,TRUE  ,OTT      ,MN    ,2,,,,,,,,,
3407603,OTT      ,1/26/2001,45:25.4,41.934,-80.724,5,,,,,,,
,,,,,,,,,,,,,
TRUE  ,OTT      ,MN    ,2.2,,,,,,,,,,
3407605,OTT      ,1/26/2001,11:06.0,41.9339,-80.7239,5,,,,,,,
,,,,,,,,,,,,,
TRUE  ,OTT      ,MN    ,2,,,,,,,,,,
3407638,OTT      ,1/30/2001,52:02.3,42.6238,-77.5409,5,,,,,,,
,,,,,,,,,,,,,
TRUE  ,OTT      ,MN    ,2.2,,,,,,,,,,
3407304,OTT      ,1/30/2001,22:18.8,43.1643,-80.9008,0,,,,,,,
,,,,,,,,,,,,,
TRUE  ,OTT      ,MN    ,2,,,,,,,,,,
2040923,NEIC     ,2/3/2001,17:50:43,41.41,-72.7,2,,,,,,,
,,,,,,,,,,,,,
TRUE  ,WES      ,MN    ,1.8,,,,,,,,,,
3017504,ISC      ,3/28/2001,19:25.1,37.298,-80.802,10,,,,,,,
,,,,,,,,,,,,,
TRUE  ,BLA      ,MD    ,2.5,,,,,,,,,,
3733400,OTT      ,6/5/2001,27:15.6,41.88,-80.76,5,,,,,,,
,,,,,,,,,,,,,
TRUE  ,OTT      ,MN    ,2.2,,,,,,,,,,
2049749,ISC      ,7/14/2001,08:29.9,40.855,-74.217,7,,,,,,,
,,,,,,,,,,,,,
TRUE  ,LDO      ,MD    ,1.9,,,,,,,,,,
2051680,NEIC     ,8/15/2001,44:34.8,42.094,-72.332,14,,,,,,,
,,,,,,,,,,,,,
TRUE  ,WES      ,MN    ,2.1,,,,,,,,,,
3481449,NEIC     ,9/22/2001,01:20.6,38.026,-78.396,2,,,,,,,
,,,,,,,,,,,,,
TRUE  ,NEIC     ,MN    ,2.5,,,,,,,,,,
3984346,NEIC     ,3/5/2002,1:33:52,41.11,-73.66,6,,,,,,,
,,,,,,,,,,,,,
TRUE  ,LDO      ,MD    ,1.1,,,,,,,,,,
3984552,NEIC     ,3/6/2002,09:45.5,41.707,-71.349,17,,,,,,,
,,,,,,,,,,,,,
TRUE  ,WES      ,MN    ,2.2,,,,,,,,,,
2969018,NEIC     ,4/4/2002,2:48:41,43.112,-71.695,4.9,,,,,,,
,,,,,,,,,,,,,
TRUE  ,WES      ,MN    ,1.6,,,,,,,,,,
3181554,NEIC     ,6/7/2002,10:16:04,42.16,-71.56,5,,,,,,,
,,,,,,,,,,,,,
TRUE  ,WES      ,MN    ,2.5,,,,,,,,,,
3517733,OTT      ,6/23/2002,19:13.7,43.467,-78.1776,5,,,,,,,
,,,,,,,,,,,,,
TRUE  ,OTT      ,MN    ,2.4,,,,,,,,,,
3517198,OTT      ,7/9/2002,18:55.9,42.9694,-75.3601,0,,,,,,,
,,,,,,,,,,,,,
TRUE  ,OTT      ,MN    ,2.5,,,,,,,,,,
5777536,OTT      ,8/5/2002,44:24.9,42.9851,-77.5819,18,,,,,,,
,,,,,,,,,,,,,
TRUE  ,OTT      ,MN    ,2.4,,,,,,,,,,
5777591,OTT      ,8/17/2002,26:32.7,41.8221,-81.0015,1,,,,,,,
,,,,,,,,,,,,,
TRUE  ,OTT      ,MN    ,2,,,,,,,,,,
3297081,NEIC     ,8/22/2002,18:58:37,41.53,-72.1,12,,,,,,,
,,,,,,,,,,,,,
TRUE  ,LDO      ,MD    ,2,,,,,,,,,,
5778197,OTT      ,9/16/2002,15:35.1,42.8056,-78.6406,5,,,,,,,
,,,,,,,,,,,,,
TRUE  ,OTT      ,MN    ,2,,,,,,,,,,
6263710,OTT      ,12/24/2002,45:24.1,42.6273,-74.045,5,,,,,,,
,,,,,,,,,,,,,
TRUE  ,OTT      ,MN    ,2.4,,,,,,,,,,
6538139,OTT      ,1/16/2003,37:28.7,41.5403,-77.3287,0,,,,,,,
,,,,,,,,,,,,,
TRUE  ,OTT      ,MN    ,2.1,,,,,,,,,,
6584391,OTT      ,2/10/2003,34:44.9,41.9593,-80.6237,5,,,,,,,
,,,,,,,,,,,,,
TRUE  ,OTT      ,MN    ,2.4,,,,,,,,,,
6611974,OTT      ,3/10/2003,51:59.2,43.4511,-78.6081,5,,,,,,,
,,,,,,,,,,,,,
TRUE  ,OTT      ,MN    ,2.2,,,,,,,,,,
6620423,OTT      ,3/23/2003,59:58.3,42.192,-80.1944,5,,,,,,,
,,,,,,,,,,,,,
TRUE  ,OTT      ,MN    ,2.3,,,,,,,,,,
6696781,NEIC     ,4/20/2003,24:43.8,41.361,-74.37,7,,,,,,,
,,,,,,,,,,,,,
TRUE  ,LDO      ,MD    ,2.3,,,,,,,,,,
6832331,OTT      ,5/1/2003,26:57.8,41.6764,-81.0716,5,,,,,,,
,,,,,,,,,,,,,
TRUE  ,OTT      ,MN    ,2,,,,,,,,,,
6844359,OTT      ,5/19/2003,12:40.8,43.2159,-78.2114,0,,,,,,,
,,,,,,,,,,,,,
TRUE  ,OTT      ,MN    ,2.1,,,,,,,,,,
6844373,OTT      ,5/19/2003,34:31.7,43.2272,-77.3394,0,,,,,,,
,,,,,,,,,,,,,
TRUE  ,OTT      ,MN    ,2.1,,,,,,,,,,
7000144,NEIC     ,7/17/2003,0:44:10,41.86,-80.76,2.5,,,,,,,
,,,,,,,,,,,,,
TRUE  ,OGSO     ,MN    ,2.5,OTT      ,MN    ,2.5,,,,,,,
7069979,OTT      ,8/25/2003,15:23.1,43.4684,-79.4817,,,,,,,,
,,,,,,,,,,,,,
16.8,      ,OTT      ,MN    ,2.3,,,,,,,,,
7069980,OTT      ,8/25/2003,15:31.6,43.4673,-79.469,18,,,,,,,
,,,,,,,,,,,,,
TRUE  ,OTT      ,MN    ,2.1,,,,,,,,,,
7146911,NEIC     ,10/1/2003,07:57.4,40.572,-75.116,3.1,,,,,,,
,,,,,,,,,,,,,
TRUE  ,NEIC     ,MN    ,2.4,LDO      ,MD    ,2.2,,,,,,,
7152122,NEIC     ,10/7/2003,32:03.2,41.732,-71.571,,,,,,,,
,,,,,,,,,,,,,
6.2,TRUE  ,WES      ,MN    ,1.8,,,,,,,,,
7176066,NEIC     ,11/4/2003,37:31.8,40.251,-75.877,1,,,,,,,
,,,,,,,,,,,,,
TRUE  ,LDO      ,MD    ,2.4,,,,,,,,,,
7238177,NEIC     ,1/20/2004,11:54.1,43.197,-71.771,9.6,,,,,,,
,,,,,,,,,,,,,
TRUE  ,WES      ,MN    ,2.5,,,,,,,,,,
7310104,OTT      ,3/14/2004,05:12.8,41.8999,-81.4085,18,,,,,,,
,,,,,,,,,,,,,
TRUE  ,OTT      ,MN    ,2.2,OGSO     ,MN    ,2.4,,,,,,,
7315989,NEIC     ,3/22/2004,15:21:39,39.866,-,,,,,,,,
,,,,,,,,,,,,,
75.063,2.4,TRUE  ,NEIC     ,MN    ,2.2,LDO      ,MD    ,2.1,,,,,
7754501,OTT      ,6/26/2004,28:51.4,,,,,,,,,,
,,,,,,,,,,,,,
42.8189,-78.1842,0,TRUE  ,OTT      ,MN    ,2.1,,,,,,,
7366824,OTT      ,7/1/2004,,,,,,,,,,,
,,,,,,,,,,,,,
41:43.1,43.4885,-79.5013,18,TRUE  ,OTT      ,MN    ,2.2,,,,,,
7371845,OTT      ,,,,,,,,,,,,
,,,,,,,,,,,,,
7/15/2004,30:44.7,42.0294,-82.3651,18,TRUE  ,OTT      ,MN    ,2.2,,,,,
7393940,OTT      ,,,,,,,,,,,,
,,,,,,,,,,,,,
8/28/2004,38:37.9,43.1491,-71.7679,5,TRUE  ,OTT      ,MN    ,2.2,WES      ,MN    ,2.1,,
7416414,,,,,,,,,,,,,
,,,,,,,,,,,,,
NEIC     ,10/8/2004,2:25:46,42.52,-71.46,1,TRUE  ,WES      ,MD    ,1.8,,,,
7418400,,,,,,,,,,,,,
,,,,,,,,,,,,,
NEIC     ,10/14/2004,36:02.4,41.392,-74,10,TRUE  ,OTT      ,MN    ,2.5,,,,
,,,,,,,,,,,,,
,,,,,,,,,,,,,
7422001,OTT      ,10/25/2004,15:48.5,43.0543,-80.868,0,TRUE  ,OTT      ,MN    ,2,,,
8,,,,,,,,,,,,,
,,,,,,,,,,,,,
281797,NEIC     ,12/3/2004,27:14.0,37.878,-77.963,10,TRUE  ,BLA      ,MN    ,2.5,,,
,,,,,,,,,,,,,
,,,,,,,,,,,,,
7459041,OTT      ,1/4/2005,43:43.3,40.6094,-80.9931,0,TRUE  ,OTT      ,MN    ,2.5,,,
7,,,,,,,,,,,,,
,,,,,,,,,,,,,
462707,OTT      ,1/19/2005,01:58.5,43.2296,-81.1597,0,TRUE  ,OTT      ,MN    ,2,,,
7,,,,,,,,,,,,,
,,,,,,,,,,,,,
468877,OTT      ,2/1/2005,01:14.2,41.8213,-81.1143,5,TRUE  ,OTT      ,MN    ,2.5,,,
7,,,,,,,,,,,,,
,,,,,,,,,,,,,
470709,OTT      ,2/8/2005,15:21.1,43.4616,-79.1299,5,TRUE  ,OTT      ,MN    ,2.1,,,
7,,,,,,,,,,,,,
,,,,,,,,,,,,,
471200,OTT      ,2/10/2005,39:15.6,41.6787,-80.3194,5,TRUE  ,OTT      ,MN    ,2,,,
7,,,,,,,,,,,,,
,,,,,,,,,,,,,
474247,OTT      ,2/23/2005,12:09.9,41.8788,-80.9867,5,TRUE  ,OTT      ,MN    ,2,,,
7,,,,,,,,,,,,,
,,,,,,,,,,,,,
474367,NEIC     ,2/23/2005,22:44.1,39.26,-76.588,9,TRUE  ,LDO      ,MD    ,2.1,,,
,,,,,,,,,,,,,
,,,,,,,,,,,,,
8559074,OTT      ,3/1/2005,44:11.3,42.1358,-82.5729,5,TRUE  ,OTT      ,MN    ,2.4,,,
8,,,,,,,,,,,,,
,,,,,,,,,,,,,
559093,OTT      ,3/2/2005,50:04.4,42.2338,-81.1604,5,TRUE  ,OTT      ,MN    ,2,,,
8,,,,,,,,,,,,,
,,,,,,,,,,,,,
559094,OTT      ,3/2/2005,53:17.3,41.8029,-80.9855,5,TRUE  ,OTT      ,MN    ,2.2,,,
8,,,,,,,,,,,,,
,,,,,,,,,,,,,
559353,OTT      ,3/15/2005,08:04.2,42.8621,-78.1941,18,TRUE  ,OTT      ,MN    ,2.1,,,
8,,,,,,,,,,,,,
,,,,,,,,,,,,,
559533,OTT      ,3/26/2005,19:43.9,39.9839,-81.3364,18,TRUE  ,OTT      ,MN    ,2.3,,,
8,,,,,,,,,,,,,
,,,,,,,,,,,,,
559633,OTT      ,3/31/2005,27:34.3,43.3737,-78.5434,5,TRUE  ,OTT      ,MN    ,2,,,
8,,,,,,,,,,,,,
,,,,,,,,,,,,,
592215,OTT      ,4/20/2005,36:09.2,41.6162,-80.4093,5,TRUE  ,OTT      ,MN    ,2.2,,,
7,,,,,,,,,,,,,
,,,,,,,,,,,,,
494266,NEIC     ,4/23/2005,14:24:51,40.885,-74.069,6.6,TRUE  ,LDO      ,MD    ,1.9,,,
7,,,,,,,,,,,,,
,,,,,,,,,,,,,
564467,OTT      ,8/13/2005,43:28.8,42.0678,-80.4998,5,TRUE  ,OTT      ,MN    ,2.4,,,
7,,,,,,,,,,,,,
,,,,,,,,,,,,,
553021,NEIC     ,8/25/2005,12:56:31,35.876,-82.809,8,TRUE  ,CERI     ,MD    ,2.5,,,
7,,,,,,,,,,,,,
,,,,,,,,,,,,,
519763,NEIC     ,9/5/2005,02:35.8,38.19,-83.93,12.8,TRUE  ,CERI     ,MD    ,2.5,,,
,,,,,,,,,,,,,
,,,,,,,,,,,,,
7749873,NEIC     ,11/13/2005,02:15.3,41.816,-81.18,5,TRUE  ,OGSO     ,MN    ,2.2,OTT      ,MN    ,2.4
,,,,,,,,,,,,,
OTT      ,MN    ,2.4,,,,,,,,,,,
7952398,NEIC     ,12/9/2005,35:46.7,40.97,-74.379,4.7,TRUE  ,LDO      ,ML    ,2.1,,,
,,,,,,,,,,,,,
,,,,,,,,,,,,,
8029268,OTT      ,12/11/2005,20:01.2,41.9051,-80.8087,5,TRUE  ,OTT      ,MN    ,2.3,,,
,,,,,,,,,,,,,
,,,,,,,,,,,,,
8078594,NEIC     ,1/13/2006,32:17.6,41.8,-81.45,7,TRUE  ,OGSO     ,MN    ,2.3,OTT      ,,
,,,,,,,,,,,,,
MN    ,2.5,OTT      ,MN    ,2.5,,,,,,,,,
8085375,NEIC     ,2/10/2006,13:30:42,41.75,-81.41,5,TRUE  ,LDO      ,ML ,,,,
,,,,,,,,,,,,,
   ,2.4,,,,,,,,,,,,
8106388,NEIC     ,2/17/2006,00:30.4,41.159,-74.557,8,TRUE  ,LDO      ,ML ,,,,
,,,,,,,,,,,,,
   ,0.9,,,,,,,,,,,,
9580015,OTT      ,2/27/2006,53:20.2,41.9141,-80.8397,5,TRUE  ,OTT      ,,,,,
,,,,,,,,,,,,,
MN    ,2,,,,,,,,,,,,
10606403,NEIC     ,3/19/2006,38:29.5,41.046,-73.987,1,TRUE  ,LDO      ,,,,,
,,,,,,,,,,,,,
ML    ,1.1,,,,,,,,,,,,
10607802,NEIC     ,3/21/2006,36:09.3,41.058,-73.983,0,TRUE  ,LDO      ,,,,,
,,,,,,,,,,,,,
ML    ,1.3,,,,,,,,,,,,
10611818,OTT      ,3/27/2006,24:30.5,41.8043,-81.4131,5,TRUE  ,,,,,,
,,,,,,,,,,,,,
OTT      ,MN    ,2.2,,,,,,,,,,,
8439432,OTT      ,4/6/2006,03:50.8,43.1465,-77.6932,5,,,,,,,
,,,,,,,,,,,,,
TRUE  ,OTT      ,MN    ,2.2,,,,,,,,,,
8439509,OTT      ,4/10/2006,55:51.7,41.8744,-80.8667,5,,,,,,,
,,,,,,,,,,,,,
TRUE  ,OTT      ,MN    ,2.1,,,,,,,,,,
8320649,NEIC     ,4/16/2006,29:12.4,40.228,-75.995,2,,,,,,,
,,,,,,,,,,,,,
TRUE  ,LDO      ,MD    ,1,,,,,,,,,,
8320669,NEIC     ,4/17/2006,27:03.6,40.266,-76.041,2,,,,,,,
,,,,,,,,,,,,,
TRUE  ,LDO      ,ML    ,1.2,,,,,,,,,,
8338415,OTT      ,5/4/2006,50:15.6,43.4796,-79.711,5,,,,,,,
,,,,,,,,,,,,,
TRUE  ,LDO      ,ML    ,2.5,,,,,,,,,,
8494632,OTT      ,5/7/2006,48:05.5,43.4609,-79.4644,5,,,,,,,
,,,,,,,,,,,,,
TRUE  ,OTT      ,MN    ,2.5,,,,,,,,,,
8494633,OTT      ,5/7/2006,32:49.3,42.1054,-82.4495,5,,,,,,,
,,,,,,,,,,,,,
TRUE  ,OTT      ,MN    ,2.2,,,,,,,,,,
8494946,OTT      ,5/21/2006,15:28.6,41.7987,-81.4241,5,,,,,,,
,,,,,,,,,,,,,
TRUE  ,OTT      ,MN    ,2.2,,,,,,,,,,
9971268,OTT      ,6/20/2006,57:23.4,41.8578,-81.2556,5,,,,,,,
,,,,,,,,,,,,,
TRUE  ,OTT      ,MN    ,2.3,,,,,,,,,,
9971409,OTT      ,6/22/2006,09:45.5,41.8529,-81.2454,5,,,,,,,
,,,,,,,,,,,,,
TRUE  ,OTT      ,MN    ,2.3,,,,,,,,,,
9971525,OTT      ,6/23/2006,08:47.7,43.0968,-80.9192,1,,,,,,,
,,,,,,,,,,,,,
TRUE  ,OTT      ,MN    ,2.1,,,,,,,,,,
9971845,OTT      ,6/28/2006,18:28.7,41.6861,-81.2434,5,,,,,,,
,,,,,,,,,,,,,
TRUE  ,OTT      ,MN    ,2.3,,,,,,,,,,
10170309,OTT      ,7/1/2006,25:53.0,41.8228,-81.2416,,,,,,,,
,,,,,,,,,,,,,
5,TRUE  ,OTT      ,MN    ,2.1,,,,,,,,,
8822327,OTT      ,9/14/2006,40:52.6,41.8233,-81.2574,,,,,,,,
,,,,,,,,,,,,,
5,TRUE  ,OTT      ,MN    ,2.1,,,,,,,,,
8939312,OTT      ,10/11/2006,51:22.3,42.0927,-,,,,,,,,
,,,,,,,,,,,,,
83.1439,5,TRUE  ,OTT      ,MN    ,2.3,,,,,,,,
10660968,NEIC     ,10/17/2006,,,,,,,,,,,
,,,,,,,,,,,,,
54:49.8,36.102,-80.308,1.2,TRUE  ,NEIC     ,MD    ,1.5,,,,,,
8823181,NEIC     ,10/18/2006,,,,,,,,,,,
,,,,,,,,,,,,,
47:28.8,36.087,-80.308,5,TRUE  ,NEIC     ,MD    ,1.3,,,,,,
10661102,NEIC     ,,,,,,,,,,,,
,,,,,,,,,,,,,
11/3/2006,48:36.2,36.042,-80.258,2.1,TRUE  ,NEIC     ,MN    ,2.5,,,,,
9137311,OTT      ,,,,,,,,,,,,
,,,,,,,,,,,,,
11/27/2006,03:32.1,43.1014,-80.8729,0,TRUE  ,OTT      ,MN    ,2.2,,,,,
9137872,,,,,,,,,,,,,
,,,,,,,,,,,,,
NEIC     ,12/13/2006,07:52.9,40.292,-76.037,6,TRUE  ,LDO      ,MD    ,2.5,,,,
,,,,,,,,,,,,,
,,,,,,,,,,,,,
10378633,OTT      ,1/3/2007,08:31.1,41.7303,-80.1692,5,TRUE  ,OTT      ,MN    ,2.5,LDO      ,MD    ,
,,,,,,,,,,,,,
2.1,OTT      ,MN    ,2.5,,,,,,,,,,
10388641,OTT      ,1/17/2007,50:48.3,42.3298,-81.8173,5,TRUE  ,OTT      ,MN    ,,,,
,,,,,,,,,,,,,
2.1,,,,,,,,,,,,,
10390491,OTT      ,1/20/2007,20:00.6,42.6223,-78.8142,5,TRUE  ,LDO      ,,,,,
,,,,,,,,,,,,,
MD    ,2.4,,,,,,,,,,,,
10393021,OTT      ,1/22/2007,17:11.3,41.8821,-81.2762,5,TRUE  ,,,,,,
,,,,,,,,,,,,,
OTT      ,MN    ,2.2,,,,,,,,,,,
11705865,NEIC     ,3/26/2007,49:15.6,42.546,-73.938,0,,,,,,,
,,,,,,,,,,,,,
TRUE  ,LDO      ,MD    ,1.8,,,,,,,,,,
11922351,OTT      ,4/11/2007,32:16.8,43.3245,-76.9685,,,,,,,,
,,,,,,,,,,,,,
4.5,TRUE  ,OTT      ,MN    ,2.5,,,,,,,,,
11923873,OTT      ,4/12/2007,03:20.4,41.7219,-,,,,,,,,
,,,,,,,,,,,,,
82.9238,5,TRUE  ,OGSO     ,MN    ,2.5,,,,,,,,
11929685,NEIC     ,4/20/2007,42:12.0,,,,,,,,,,
,,,,,,,,,,,,,
40.231,-75.892,7,TRUE  ,NEIC     ,MN    ,2.1,LDO      ,MD    ,1.6,,,,
12655608,NEIC     ,,,,,,,,,,,,
,,,,,,,,,,,,,
5/15/2007,19:54.3,40.311,-76.03,7,TRUE  ,LDO      ,MN    ,2.1,,,,,
12671780,OTT      ,,,,,,,,,,,,
,,,,,,,,,,,,,
6/4/2007,33:29.9,42.5981,-78.9699,5,TRUE  ,OTT      ,MN    ,2.5,,,,,
12760395,,,,,,,,,,,,,
,,,,,,,,,,,,,
NEIC     ,7/2/2007,6:02:43,43.1,-72.022,2.5,TRUE  ,WES      ,MN    ,1.9,,,,
12777452,,,,,,,,,,,,,
,,,,,,,,,,,,,
NEIC     ,7/24/2007,48:57.3,42.6,-74.12,14,TRUE  ,OTT      ,MN    ,2.3,OTT      ,MN    ,2.3,
,,,,,,,,,,,,,
,,,,,,,,,,,,,
12936929,NEIC     ,8/5/2007,7:20:46,37.715,-77.68,8.2,TRUE  ,CERI     ,MN    ,2.1,,,
1,,,,,,,,,,,,,
,,,,,,,,,,,,,
2814081,OTT      ,8/27/2007,26:44.8,41.7499,-81.4215,5,TRUE  ,OTT      ,MN    ,2.3,,,
1,,,,,,,,,,,,,
,,,,,,,,,,,,,
2955159,OTT      ,9/1/2007,21:47.6,43.3365,-79.1771,5,TRUE  ,OTT      ,MN    ,2.4,,,
1,,,,,,,,,,,,,
,,,,,,,,,,,,,
2969580,OTT      ,9/22/2007,04:48.3,43.0106,-78.3261,5,TRUE  ,OTT      ,MN    ,2.3,,,
1,,,,,,,,,,,,,
,,,,,,,,,,,,,
3237815,NEIC     ,10/8/2007,11:15:16,42.813,-71.016,0.7,TRUE  ,WES      ,MD    ,1.8,,,
1,,,,,,,,,,,,,
,,,,,,,,,,,,,
3237859,NEIC     ,10/8/2007,28:02.1,39.343,-76.714,8,TRUE  ,LDO      ,MD    ,1.5,,,
,,,,,,,,,,,,,
,,,,,,,,,,,,,
13243463,OTT      ,10/16/2007,05:01.3,41.741,-81.417,5,TRUE  ,OTT      ,MN    ,2.5,,,
,,,,,,,,,,,,,
,,,,,,,,,,,,,
13245184,NEIC     ,10/19/2007,5:23:52,42.537,-71.496,0.5,TRUE  ,WES      ,MN    ,2.5,,,
,,,,,,,,,,,,,
,,,,,,,,,,,,,
13268524,NEIC     ,11/17/2007,22:55.7,37.393,-83.087,1,TRUE  ,NEIC     ,MN    ,2.5,,,
,,,,,,,,,,,,,
,,,,,,,,,,,,,
13270597,NEIC     ,11/20/2007,41:50.0,42.97,-71.02,0.8,TRUE  ,WES      ,MN    ,2.4,,,
,,,,,,,,,,,,,
,,,,,,,,,,,,,
13288515,OTT      ,12/13/2007,33:00.9,42.8023,-78.2215,18,TRUE  ,OTT      ,MN ,,,,
,,,,,,,,,,,,,
   ,2.2,,,,,,,,,,,,
13329988,OTT      ,1/8/2008,00:06.9,43.4601,-78.1375,5,TRUE  ,,,,,,
,,,,,,,,,,,,,
OTT      ,MN    ,2,,,,,,,,,,,
13338221,OTT      ,1/20/2008,56:01.7,43.2214,-79.8067,5,,,,,,,
,,,,,,,,,,,,,
TRUE  ,OTT      ,MN    ,2,,,,,,,,,,
12087515,OTT      ,2/28/2008,04:52.7,43.055,-80.8594,,,,,,,,
,,,,,,,,,,,,,
0,TRUE  ,OTT      ,MN    ,2,,,,,,,,,
13486128,NEIC     ,3/11/2008,10:31.0,41.438,-,,,,,,,,
,,,,,,,,,,,,,
72.483,2.9,TRUE  ,WES      ,MD    ,2.3,,,,,,,,
13488899,NEIC     ,3/14/2008,42:31.6,,,,,,,,,,
,,,,,,,,,,,,,
41.336,-74.452,3,TRUE  ,LDO      ,MD    ,2.3,,,,,,,
13488973,NEIC     ,3/15/2008,,,,,,,,,,,
,,,,,,,,,,,,,
1:18:44,41.337,-74.463,7,TRUE  ,LDO      ,MD    ,1.9,,,,,,
13376205,OTT      ,,,,,,,,,,,,
,,,,,,,,,,,,,
4/22/2008,27:24.6,42.6025,-78.9575,5,TRUE  ,OTT      ,MN    ,2.3,,,,,
10925348,,,,,,,,,,,,,
,,,,,,,,,,,,,
NEIC     ,5/6/2008,17:30:24,38.806,-77.219,6,TRUE  ,LDO      ,MD    ,2,,,,
,,,,,,,,,,,,,
,,,,,,,,,,,,,
13376471,OTT      ,5/6/2008,04:09.4,43.4314,-71.631,5,TRUE  ,OTT      ,MN    ,2.2,,,
1,,,,,,,,,,,,,
,,,,,,,,,,,,,
3376568,OTT      ,5/12/2008,11:26.8,42.9108,-78.2723,5,TRUE  ,OTT      ,MN    ,2.3,,,
1,,,,,,,,,,,,,
,,,,,,,,,,,,,
1307670,OTT      ,6/15/2008,38:57.3,42.9409,-82.584,5,TRUE  ,OTT      ,MN    ,2.2,,,
,,,,,,,,,,,,,
,,,,,,,,,,,,,
13597001,OTT      ,7/21/2008,41:30.2,41.4727,-80.3666,5,TRUE  ,OTT      ,MN    ,2.3,,,
,,,,,,,,,,,,,
,,,,,,,,,,,,,
11153870,NEIC     ,7/28/2008,20:09.5,40.582,-75.086,1,TRUE  ,LDO      ,MD    ,2.1,,,
,,,,,,,,,,,,,
,,,,,,,,,,,,,
11308528,OTT      ,8/10/2008,21:14.2,43.2525,-80.1481,5,TRUE  ,OTT      ,MN    ,2.1,,,
,,,,,,,,,,,,,
,,,,,,,,,,,,,
11308596,OTT      ,8/14/2008,32:17.2,41.8336,-81.0565,5,TRUE  ,OTT      ,MN    ,2.4,,,
,,,,,,,,,,,,,
,,,,,,,,,,,,,
13860376,OTT      ,9/10/2008,46:52.5,42.9823,-77.8098,1,TRUE  ,OTT      ,MN    ,2.1,,,
,,,,,,,,,,,,,
,,,,,,,,,,,,,
11280374,OTT      ,9/18/2008,03:19.4,43.4139,-79.5771,5,TRUE  ,OTT      ,MN    ,,,,
,,,,,,,,,,,,,
2.2,,,,,,,,,,,,,
11343902,OTT      ,9/20/2008,16:43.7,41.7886,-81.4565,5,TRUE  ,OTT      ,,,,,
,,,,,,,,,,,,,
MN    ,2.4,,,,,,,,,,,,
11344965,NEIC     ,10/5/2008,36:48.1,40.054,-76.967,2,TRUE  ,LDO      ,,,,,
,,,,,,,,,,,,,
MD    ,2,,,,,,,,,,,,
13397484,NEIC     ,10/19/2008,22:07.4,40.078,-76.963,5,TRUE  ,,,,,,
,,,,,,,,,,,,,
LDO      ,MD    ,2.1,,,,,,,,,,,
13397488,NEIC     ,10/19/2008,58:31.8,40.092,-76.974,4,,,,,,,
,,,,,,,,,,,,,
TRUE  ,LDO      ,MD    ,1.8,,,,,,,,,,
13397491,NEIC     ,10/19/2008,17:34.8,40.1,-,,,,,,,,
,,,,,,,,,,,,,
77.009,5,TRUE  ,LDO      ,MD    ,1.7,,,,,,,,
13397556,NEIC     ,10/20/2008,,,,,,,,,,,
,,,,,,,,,,,,,
16:02.4,40.09,-76.984,5,TRUE  ,LDO      ,MD    ,1.5,,,,,,
13397905,NEIC     ,,,,,,,,,,,,
,,,,,,,,,,,,,
10/23/2008,15:55:32,40.068,-76.962,5,TRUE  ,LDO      ,MD    ,1.2,,,,,
11374842,,,,,,,,,,,,,
,,,,,,,,,,,,,
OTT      ,10/28/2008,42:34.3,43.3065,-79.5836,5,TRUE  ,OTT      ,MN    ,2.1,,,,
1,,,,,,,,,,,,,
,,,,,,,,,,,,,
1451623,OTT      ,11/13/2008,28:00.5,43.28,-79.7855,5,TRUE  ,OTT      ,MN    ,2.4,,,
,,,,,,,,,,,,,
,,,,,,,,,,,,,
12074932,OTT      ,11/26/2008,42:22.1,43.0964,-80.9358,0,TRUE  ,OTT      ,MN    ,2.2,,,
,,,,,,,,,,,,,
,,,,,,,,,,,,,
11518353,OTT      ,12/23/2008,02:47.4,43.1956,-78.8751,5,TRUE  ,OTT      ,MN    ,,,,
,,,,,,,,,,,,,
2.1,,,,,,,,,,,,,
11532462,NEIC     ,12/31/2008,34:08.8,40.107,-77.003,1,TRUE  ,LDO      ,,,,,
,,,,,,,,,,,,,
MD    ,2.1,,,,,,,,,,,,
11613310,OTT      ,12/31/2008,30:10.3,43.2077,-81.1645,0,,,,,,,
,,,,,,,,,,,,,
TRUE  ,OTT      ,MN    ,2.1,,,,,,,,,,
14220456,OTT      ,1/23/2009,23:07.3,43.1985,-79.6569,,,,,,,,
,,,,,,,,,,,,,
0,TRUE  ,OTT      ,MN    ,2.1,,,,,,,,,
11617572,NEIC     ,1/26/2009,6:55:28,43.255,-,,,,,,,,
,,,,,,,,,,,,,
78.723,7,TRUE  ,LDO      ,MD    ,2.1,OTT      ,MN    ,2.3,OTT      ,MN    ,2.3,,
11670610,OTT      ,,,,,,,,,,,,
,,,,,,,,,,,,,
2/10/2009,24:30.8,42.1769,-82.9926,0,TRUE  ,OTT      ,MN    ,2.1,,,,,
11677836,,,,,,,,,,,,,
,,,,,,,,,,,,,
NEIC     ,2/14/2009,22:22:22,40.948,-74.392,2,TRUE  ,LDO      ,MD    ,2.4,,,,
,,,,,,,,,,,,,
,,,,,,,,,,,,,
14189635,NEIC     ,2/18/2009,42:35.6,40.868,-74.551,4,TRUE  ,LDO      ,MD    ,2.3,,,
1,,,,,,,,,,,,,
,,,,,,,,,,,,,
4189639,NEIC     ,2/18/2009,16:20:23,42.572,-74.101,10,TRUE  ,LDO      ,MD    ,2.4,,,
1,,,,,,,,,,,,,
,,,,,,,,,,,,,
4189803,NEIC     ,2/23/2009,46:20.3,42.574,-74.095,7,TRUE  ,LDO      ,MD    ,2.1,,,
,,,,,,,,,,,,,
,,,,,,,,,,,,,
11729328,OTT      ,2/23/2009,32:27.1,41.7456,-81.4324,5,TRUE  ,OTT      ,MN    ,2.2,,,
,,,,,,,,,,,,,
,,,,,,,,,,,,,
13435646,OTT      ,3/7/2009,54:10.9,42.0991,-82.4769,18,TRUE  ,OTT      ,MN    ,2.2,,,
,,,,,,,,,,,,,
,,,,,,,,,,,,,
12057636,OTT      ,3/20/2009,11:11.9,42.0191,-83.1174,5,TRUE  ,OTT      ,MN    ,2.1,,,
,,,,,,,,,,,,,
,,,,,,,,,,,,,
12070677,OTT      ,3/26/2009,51:18.5,42.0535,-83.1735,5,TRUE  ,OTT      ,MN    ,2.1,,,
,,,,,,,,,,,,,
,,,,,,,,,,,,,
12084978,OTT      ,4/2/2009,31:58.9,42.5913,-74.1106,5,TRUE  ,OTT      ,MN    ,,,,
,,,,,,,,,,,,,
2.5,,,,,,,,,,,,,
12086160,OTT      ,4/3/2009,06:07.2,42.8991,-82.4678,18,TRUE  ,OTT      ,,,,,
,,,,,,,,,,,,,
MN    ,2,,,,,,,,,,,,
12601050,OTT      ,4/15/2009,48:39.5,43.4724,-71.5299,5,TRUE  ,,,,,,
,,,,,,,,,,,,,
OTT      ,MN    ,2.1,,,,,,,,,,,
12742299,NEIC     ,4/22/2009,21:14.2,40.073,-77.002,1,,,,,,,
,,,,,,,,,,,,,
TRUE  ,LDO      ,MD    ,1.1,,,,,,,,,,
12742305,NEIC     ,4/23/2009,22:26:04,40.085,-,,,,,,,,
,,,,,,,,,,,,,
76.998,1,TRUE  ,LDO      ,MD    ,2.4,,,,,,,,
12759501,NEIC     ,4/30/2009,36:11.4,,,,,,,,,,
,,,,,,,,,,,,,
40.073,-77.013,1,TRUE  ,LDO      ,MD    ,2,,,,,,,
13439474,OTT      ,5/10/2009,,,,,,,,,,,
,,,,,,,,,,,,,
30:33.5,42.9019,-77.9609,5,TRUE  ,OTT      ,MN    ,2.1,,,,,,
12834805,NEIC     ,,,,,,,,,,,,
,,,,,,,,,,,,,
5/11/2009,18:23.2,40.088,-77.001,1,TRUE  ,LDO      ,MD    ,1.3,,,,,
14646021,NEIC     ,,,,,,,,,,,,
,,,,,,,,,,,,,
5/18/2009,7:21:57,42.567,-74.109,6,TRUE  ,LDO      ,MD    ,2.1,,,,,
14647182,NEIC     ,,,,,,,,,,,,
,,,,,,,,,,,,,
5/22/2009,11:20:58,35.773,-84,9.8,TRUE  ,CERI     ,MD    ,2.4,,,,,
13568737,,,,,,,,,,,,,
,,,,,,,,,,,,,
OTT      ,6/3/2009,44:40.9,42.8762,-71.7187,0,TRUE  ,OTT      ,MN    ,2.1,,,,
,,,,,,,,,,,,,
,,,,,,,,,,,,,
13383613,NEIC     ,7/7/2009,59:52.6,37.639,-77.635,10.9,TRUE  ,BLA      ,MN    ,2.3,,,
1,,,,,,,,,,,,,
,,,,,,,,,,,,,
3587598,OTT      ,7/31/2009,36:58.9,43.4185,-79.578,5,TRUE  ,OTT      ,MN    ,2.2,,,
,,,,,,,,,,,,,
,,,,,,,,,,,,,
13552878,NEIC     ,8/2/2009,57:07.8,37.929,-77.58,8.7,TRUE  ,BLA      ,MN    ,2.3,,,
1,,,,,,,,,,,,,
,,,,,,,,,,,,,
3843431,OTT      ,8/11/2009,46:13.7,42.9906,-77.9444,1,TRUE  ,OTT      ,MN    ,2,,,
1,,,,,,,,,,,,,
,,,,,,,,,,,,,
3592768,OTT      ,8/19/2009,37:30.9,43.2631,-71.6999,5,TRUE  ,OTT      ,MN    ,2.1,,,
1,,,,,,,,,,,,,
,,,,,,,,,,,,,
3792909,NEIC     ,9/23/2009,45:59.9,42.825,-78.239,5,TRUE  ,LDO      ,MD    ,2.4,OTT      ,MN    ,2.4
1,,,,,,,,,,,,,
,,,,,,,,,,,,,
5928186,NEIC     ,10/2/2009,15:28:47,36.047,-83.575,16.8,TRUE  ,CERI     ,MD    ,2.5,,,
1,,,,,,,,,,,,,
,,,,,,,,,,,,,
5746163,OTT      ,10/21/2009,59:46.6,41.801,-81.3069,5,TRUE  ,OTT      ,MN    ,2.4,,,
,,,,,,,,,,,,,
,,,,,,,,,,,,,
13936023,OTT      ,10/27/2009,59:53.4,43.235,-81.1598,0,TRUE  ,OTT      ,MN    ,2.1,,,
,,,,,,,,,,,,,
,,,,,,,,,,,,,
14006343,OTT      ,11/13/2009,01:11.8,43.0596,-80.8689,0,TRUE  ,OTT      ,MN    ,,,,
,,,,,,,,,,,,,
2.1,,,,,,,,,,,,,
14167803,NEIC     ,12/13/2009,10:48.8,42.569,-74.108,10,TRUE  ,OTT      ,,,,,
,,,,,,,,,,,,,
MN    ,2.5,,,,,,,,,,,,
14203661,NEIC     ,12/20/2009,36:12.2,40.58,-75.191,3,TRUE  ,,,,,,
,,,,,,,,,,,,,
LDO      ,MD    ,2.3,,,,,,,,,,,
16413857,NEIC     ,12/26/2009,53:14.0,40.878,-74.55,6,,,,,,,
,,,,,,,,,,,,,
TRUE  ,LDO      ,MD    ,2,,,,,,,,,,
14219406,OTT      ,12/31/2009,42:23.5,43.0482,-,,,,,,,,
,,,,,,,,,,,,,
80.8687,0,TRUE  ,OTT      ,MN    ,2.2,,,,,,,,
16883387,NEIC     ,1/2/2010,15:14:59,,,,,,,,,,
,,,,,,,,,,,,,
42.839,-71.695,14.6,TRUE  ,WES      ,MD    ,2.3,,,,,,,
14542280,OTT      ,1/11/2010,,,,,,,,,,,
,,,,,,,,,,,,,
07:54.3,43.1794,-79.6658,0,TRUE  ,OTT      ,MN    ,2.2,,,,,,
14338306,OTT      ,,,,,,,,,,,,
,,,,,,,,,,,,,
2/4/2010,44:21.1,41.6322,-81.462,5,TRUE  ,OTT      ,MN    ,2.3,,,,,
14305641,NEIC     ,,,,,,,,,,,,
,,,,,,,,,,,,,
2/5/2010,50:28.3,40.723,-74.648,6,TRUE  ,LDO      ,MD    ,1.4,,,,,
14322825,NEIC     ,,,,,,,,,,,,
,,,,,,,,,,,,,
2/10/2010,17:31.1,41.033,-74.303,7,TRUE  ,LDO      ,MD    ,2.2,,,,,
17273290,NEIC     ,,,,,,,,,,,,
,,,,,,,,,,,,,
2/15/2010,46:25.7,42.589,-74.157,20,TRUE  ,LDO      ,MD    ,2.2,,,,,
14343647,NEIC     ,,,,,,,,,,,,
,,,,,,,,,,,,,
2/21/2010,31:57.4,40.714,-74.68,5,TRUE  ,LDO      ,MD    ,2.3,,,,,
14338345,NEIC     ,,,,,,,,,,,,
,,,,,,,,,,,,,
2/25/2010,13:12.6,41.22,-83.29,5,TRUE  ,OGSO     ,MN    ,2.4,,,,,
14349495,OTT      ,,,,,,,,,,,,
,,,,,,,,,,,,,
3/3/2010,32:43.0,43.3288,-78.1183,5,TRUE  ,OTT      ,MN    ,2.1,,,,,
14399905,,,,,,,,,,,,,
,,,,,,,,,,,,,
NEIC     ,3/8/2010,10:38.6,42.163,-83.07,18,TRUE  ,OTT      ,MN    ,2.5,OTT      ,MN    ,2.5,
,,,,,,,,,,,,,
,,,,,,,,,,,,,
16530952,OTT      ,3/15/2010,22:41.2,41.9313,-83.3239,0,TRUE  ,OTT      ,MN    ,2.3,,,
,,,,,,,,,,,,,
,,,,,,,,,,,,,
14554224,OTT      ,4/1/2010,21:42.5,41.9929,-83.2273,0,TRUE  ,OTT      ,MN    ,2.5,,,
,,,,,,,,,,,,,
,,,,,,,,,,,,,
600297325,NEIC     ,4/29/2010,26:39.5,38.722,-80.803,5,TRUE  ,NEIC     ,MN    ,2.5,,,
,,,,,,,,,,,,,
,,,,,,,,,,,,,
600704865,NEIC     ,5/8/2010,3:03:00,38.623,-80.911,0.1,TRUE  ,CERI     ,MD    ,2.4,,,
,,,,,,,,,,,,,
,,,,,,,,,,,,,
14710990,NEIC     ,5/17/2010,29:05.7,41.24,-81.51,5,TRUE  ,OGSO     ,MN    ,2.5,,,
,,,,,,,,,,,,,
,,,,,,,,,,,,,
600792627,NEIC     ,6/6/2010,8:13:45,40.42,-74.31,5,TRUE  ,LDO      ,MD    ,2.3,,,
,,,,,,,,,,,,,
,,,,,,,,,,,,,
14759734,NEIC     ,6/7/2010,22:32.2,41.77,-81.1,5,TRUE  ,OGSO     ,MN    ,2.3,OTT      ,MN ,
,,,,,,,,,,,,,
   ,2.4,OTT      ,MN    ,2.4,,,,,,,,,
14761286,NEIC     ,6/10/2010,32:22.3,41.76,-81.43,5,TRUE  ,OGSO     ,MN    ,,,,
,,,,,,,,,,,,,
2.5,,,,,,,,,,,,,
600993874,NEIC     ,7/24/2010,9:15:44,38.675,-80.82,2.3,TRUE  ,CERI     ,MD ,,,,
,,,,,,,,,,,,,
   ,2.4,,,,,,,,,,,,
15882581,NEIC     ,8/15/2010,4:38:47,38.818,-80.43,17,TRUE  ,CERI     ,,,,,
,,,,,,,,,,,,,
MD    ,2.5,,,,,,,,,,,,
15643994,NEIC     ,8/21/2010,3:16:22,38.792,-80.398,10.7,TRUE  ,CERI     ,,,,,
,,,,,,,,,,,,,
MD    ,2.5,,,,,,,,,,,,
600980425,OTT      ,8/22/2010,41:47.9,42.6905,-78.6462,5,TRUE  ,,,,,,
,,,,,,,,,,,,,
OTT      ,MN    ,2.3,,,,,,,,,,,
601529775,NEIC     ,10/14/2010,7:58:31,35.947,-83.947,,,,,,,,
,,,,,,,,,,,,,
6.5,TRUE  ,CERI     ,MD    ,2.4,,,,,,,,,
15264862,OTT      ,10/22/2010,26:31.2,,,,,,,,,,
,,,,,,,,,,,,,
42.8888,-74.125,0,TRUE  ,OTT      ,MN    ,2.1,,,,,,,
601530224,NEIC     ,10/30/2010,,,,,,,,,,,
,,,,,,,,,,,,,
6:10:13,37.735,-77.46,4.1,TRUE  ,CERI     ,MD    ,2.4,,,,,,
601723955,OTT      ,,,,,,,,,,,,
,,,,,,,,,,,,,
12/10/2010,26:32.1,41.5225,-80.3964,5,TRUE  ,LDO      ,MD    ,2.2,OGSO     ,MN    ,2.2,,
,,,,,,,,,,,,,
,,,,,,,,,,,,,
601724014,OTT      ,12/20/2010,05:29.1,43.0902,-80.8641,0,TRUE  ,OTT      ,MN    ,2,,,
,,,,,,,,,,,,,
,,,,,,,,,,,,,
601724021,OTT      ,12/21/2010,57:32.6,43.1816,-79.6715,0,TRUE  ,OTT      ,MN    ,2,,,
,,,,,,,,,,,,,
,,,,,,,,,,,,,
601852035,NEIC     ,12/25/2010,18:32:31,40.859,-74.179,2,TRUE  ,LDO      ,MD ,,,,
,,,,,,,,,,,,,
   ,2.1,,,,,,,,,,,,
601988634,NEIC     ,1/2/2011,12:34:34,35.533,-83.384,3.8,TRUE  ,,,,,,
,,,,,,,,,,,,,
CERI     ,MD    ,2.5,,,,,,,,,,,
601724174,OTT      ,1/26/2011,17:26.5,43.0803,-80.8652,0,,,,,,,
,,,,,,,,,,,,,
TRUE  ,OTT      ,MN    ,2.1,,,,,,,,,,
601724255,OTT      ,2/25/2011,00:51.5,43.2282,-81.1484,,,,,,,,
,,,,,,,,,,,,,
0,TRUE  ,OTT      ,MN    ,2,,,,,,,,,
601724260,OTT      ,2/28/2011,10:11.3,43.4616,-,,,,,,,,
,,,,,,,,,,,,,
80.159,0,TRUE  ,OTT      ,MN    ,2.1,,,,,,,,
16336095,OTT      ,3/17/2011,42:20.6,,,,,,,,,,
,,,,,,,,,,,,,
41.148,-80.7187,5,TRUE  ,OTT      ,MN    ,2.3,,,,,,,
601724342,OTT      ,,,,,,,,,,,,
,,,,,,,,,,,,,
3/25/2011,27:05.7,43.2544,-73.6264,0,TRUE  ,OTT      ,MN    ,2,,,,,
602442797,,,,,,,,,,,,,
,,,,,,,,,,,,,
NEIC     ,3/28/2011,26:21.9,37.022,-80.777,3.1,TRUE  ,CERI     ,MD    ,2.5,,,,
602546217,,,,,,,,,,,,,
,,,,,,,,,,,,,
NEIC     ,4/26/2011,09:46.6,40.86,-83.54,5,TRUE  ,OGSO     ,MN    ,2.4,,,,
602607296,,,,,,,,,,,,,
,,,,,,,,,,,,,
NEIC     ,5/10/2011,19:59.3,40.011,-74.796,5,TRUE  ,LDO      ,ML    ,1.9,,,,
602607455,,,,,,,,,,,,,
,,,,,,,,,,,,,
NEIC     ,5/28/2011,33:53.5,40.083,-74.989,4.2,TRUE  ,LDO      ,ML    ,1.7,,,,
602918545,,,,,,,,,,,,,
,,,,,,,,,,,,,
NEIC     ,6/3/2011,0:46:50,41.759,-72.577,5,TRUE  ,WES      ,MN    ,1.7,,,,
16603758,,,,,,,,,,,,,
,,,,,,,,,,,,,
OTT      ,6/15/2011,37:58.1,41.8171,-81.7999,5,TRUE  ,OTT      ,MN    ,2.2,,,,
,,,,,,,,,,,,,
,,,,,,,,,,,,,
16702443,OTT      ,6/29/2011,53:37.3,43.508,-71.2925,5,TRUE  ,WES      ,MN    ,2.3,,,
,,,,,,,,,,,,,
,,,,,,,,,,,,,
602985353,NEIC     ,7/6/2011,37:50.9,40.092,-74.979,5,TRUE  ,LDO      ,ML    ,0.4,,,
,,,,,,,,,,,,,
,,,,,,,,,,,,,
601729415,OTT      ,8/13/2011,41:00.6,42.2476,-81.0211,5,TRUE  ,OTT      ,MN    ,2.4,,,
,,,,,,,,,,,,,
,,,,,,,,,,,,,
16998356,OTT      ,8/23/2011,35:15.9,42.6687,-74.0726,5,TRUE  ,OTT      ,MN    ,2.5,,,
,,,,,,,,,,,,,
,,,,,,,,,,,,,
603237770,NEIC     ,8/23/2011,19:20:26,37.91,-78.004,0.1,TRUE  ,CERI     ,MD    ,2.2,,,
,,,,,,,,,,,,,
,,,,,,,,,,,,,
17266071,NEIC     ,8/25/2011,06:47.5,37.892,-77.964,13.4,TRUE  ,CERI     ,MD    ,2.5,,,
,,,,,,,,,,,,,
,,,,,,,,,,,,,
603237794,NEIC     ,8/25/2011,6:37:31,37.912,-77.969,0.1,TRUE  ,CERI     ,MN    ,2.3,,,
,,,,,,,,,,,,,
,,,,,,,,,,,,,
603237799,NEIC     ,8/25/2011,15:27:47,37.945,-77.898,4.7,TRUE  ,CERI     ,MD    ,,,,
,,,,,,,,,,,,,
2.4,,,,,,,,,,,,,
17029776,ISC      ,8/25/2011,55:52.6,42.7075,-74.098,17.3,      ,LDO      ,ML ,,,,
,,,,,,,,,,,,,
   ,2.5,,,,,,,,,,,,
17029779,OTT      ,8/26/2011,55:19.8,42.7026,-74.0873,5,TRUE  ,,,,,,
,,,,,,,,,,,,,
OTT      ,MN    ,2.4,LDO      ,ML    ,2.2,,,,,,,,
17030327,NEIC     ,8/26/2011,52:22.7,37.888,-77.939,,,,,,,,
,,,,,,,,,,,,,
0.1,TRUE  ,CERI     ,MD    ,2.1,,,,,,,,,
17267559,NEIC     ,8/27/2011,9:02:29,37.94,-,,,,,,,,
,,,,,,,,,,,,,
77.989,5,TRUE  ,CERI     ,MD    ,2,,,,,,,,
17032516,NEIC     ,8/28/2011,18:05.3,,,,,,,,,,
,,,,,,,,,,,,,
37.937,-77.965,6.7,TRUE  ,CERI     ,MD    ,2.2,,,,,,,
17340999,NEIC     ,8/29/2011,,,,,,,,,,,
,,,,,,,,,,,,,
1:06:36,37.936,-77.985,4.7,TRUE  ,CERI     ,MD    ,2.3,,,,,,
603237824,NEIC     ,,,,,,,,,,,,
,,,,,,,,,,,,,
8/29/2011,3:15:21,37.939,-77.987,4.1,TRUE  ,NEIC     ,MN    ,2.3,,,,,
17340998,NEIC     ,,,,,,,,,,,,
,,,,,,,,,,,,,
8/29/2011,4:19:26,37.936,-77.988,4.2,TRUE  ,NEIC     ,MN    ,2.2,,,,,
17342771,NEIC     ,,,,,,,,,,,,
,,,,,,,,,,,,,
8/29/2011,23:39:50,37.965,-77.934,6.3,TRUE  ,CERI     ,MD    ,2.1,,,,,
17341002,,,,,,,,,,,,,
,,,,,,,,,,,,,
NEIC     ,8/30/2011,13:26:50,37.92,-77.982,5.9,TRUE  ,CERI     ,MD    ,2.1,,,,
,,,,,,,,,,,,,
,,,,,,,,,,,,,
17341008,NEIC     ,8/31/2011,13:44:10,37.923,-77.883,2.1,TRUE  ,CERI     ,MD    ,2.1,,,
,,,,,,,,,,,,,
,,,,,,,,,,,,,
17197879,OTT      ,9/3/2011,36:56.6,43.4955,-79.4956,5,TRUE  ,OTT      ,MN    ,2.4,,,
,,,,,,,,,,,,,
,,,,,,,,,,,,,
603334755,NEIC     ,9/5/2011,16:54:24,37.945,-77.97,5.1,TRUE  ,CERI     ,MD    ,2.5,,,
,,,,,,,,,,,,,
,,,,,,,,,,,,,
17386869,NEIC     ,9/6/2011,03:16.8,37.924,-77.88,2.6,TRUE  ,CERI     ,MD    ,2.1,,,
,,,,,,,,,,,,,
,,,,,,,,,,,,,
603334772,NEIC     ,9/7/2011,56:43.6,37.959,-77.946,6.1,TRUE  ,CERI     ,MD    ,2.1,,,
,,,,,,,,,,,,,
,,,,,,,,,,,,,
17237653,NEIC     ,9/16/2011,17:39.5,37.937,-77.987,4.6,TRUE  ,CERI     ,MD    ,2.1,,,
,,,,,,,,,,,,,
,,,,,,,,,,,,,
17506873,NEIC     ,9/17/2011,33:08.3,37.928,-77.988,5,TRUE  ,CERI     ,MD    ,2,,,
,,,,,,,,,,,,,
,,,,,,,,,,,,,
17242727,NEIC     ,9/17/2011,37:37.7,37.974,-77.827,3.2,TRUE  ,CERI     ,MD    ,2.1,,,
,,,,,,,,,,,,,
,,,,,,,,,,,,,
17279634,NEIC     ,9/19/2011,4:58:43,37.977,-77.831,2.6,TRUE  ,CERI     ,MD    ,2,,,
,,,,,,,,,,,,,
,,,,,,,,,,,,,
17273010,OTT      ,9/26/2011,06:09.9,41.1182,-80.7048,5,TRUE  ,LDO      ,ML    ,2.4,,,
,,,,,,,,,,,,,
OGSO     ,MN    ,2.5,,,,,,,,,,,
17316200,ISC      ,9/30/2011,52:37.4,41.1628,-80.6936,3.7,      ,LDO      ,,,,,
,,,,,,,,,,,,,
ML    ,2.5,,,,,,,,,,,,
17328504,OTT      ,10/4/2011,06:44.2,43.4175,-78.345,5,TRUE  ,OTT      ,,,,,
,,,,,,,,,,,,,
MN    ,2.3,,,,,,,,,,,,
17332865,NEIC     ,10/5/2011,18:49.2,37.935,-77.993,3.8,TRUE  ,CERI     ,,,,,
,,,,,,,,,,,,,
MD    ,2.5,SLM      ,MW    ,2.2,,,,,,,,,
17340765,NEIC     ,10/9/2011,53:24.1,37.948,-77.977,3.5,TRUE  ,,,,,,
,,,,,,,,,,,,,
CERI     ,MD    ,2.4,,,,,,,,,,,
17338184,NEIC     ,10/10/2011,04:53.3,37.919,-77.966,5,,,,,,,
,,,,,,,,,,,,,
TRUE  ,NEIC     ,MN    ,2.2,,,,,,,,,,
603341676,NEIC     ,10/19/2011,0:02:44,37.946,-,,,,,,,,
,,,,,,,,,,,,,
77.951,3.1,TRUE  ,CERI     ,MD    ,2.3,SLM      ,MW    ,2.5,,,,,
17391479,ISC      ,10/20/2011,,,,,,,,,,,
,,,,,,,,,,,,,
41:08.6,41.0898,-80.6809,7.7,      ,LDO      ,ML    ,2.2,,,,,,
603341703,NEIC     ,,,,,,,,,,,,
,,,,,,,,,,,,,
10/26/2011,2:34:04,36.207,-83.29,6.9,TRUE  ,CERI     ,MD    ,1.7,,,,,
17503094,,,,,,,,,,,,,
,,,,,,,,,,,,,
NEIC     ,11/3/2011,50:31.9,37.947,-77.966,6.1,TRUE  ,CERI     ,MD    ,2.3,,,,
17545707,,,,,,,,,,,,,
,,,,,,,,,,,,,
NEIC     ,11/19/2011,12:24.4,37.941,-77.945,2.2,      ,NEIC     ,MN    ,2.4,,,,
,,,,,,,,,,,,,
,,,,,,,,,,,,,
17595138,NEIC     ,11/20/2011,1:06:38,37.931,-77.936,5,TRUE  ,NEIC     ,MN    ,2.3,,,
,,,,,,,,,,,,,
,,,,,,,,,,,,,
600089684,NEIC     ,11/21/2011,17:02.6,37.951,-77.969,5.2,TRUE  ,CERI     ,MD    ,1.9,,,
,,,,,,,,,,,,,
,,,,,,,,,,,,,
603356299,NEIC     ,11/21/2011,5:25:25,37.943,-78.129,5.3,TRUE  ,CERI     ,MD    ,2.1,,,
,,,,,,,,,,,,,
,,,,,,,,,,,,,
600000151,OTT      ,11/28/2011,29:03.2,43.3636,-79.7522,5,TRUE  ,OTT      ,MN    ,,,,
,,,,,,,,,,,,,
2.3,,,,,,,,,,,,,
600005143,OTT      ,11/28/2011,10:58.5,43.4093,-78.4206,5,TRUE  ,,,,,,
,,,,,,,,,,,,,
OTT      ,MN    ,2.4,,,,,,,,,,,
603356373,NEIC     ,11/30/2011,29:23.5,37.943,-77.986,,,,,,,,
,,,,,,,,,,,,,
12.5,      ,NEIC     ,MD    ,2.1,,,,,,,,,
602866355,OTT      ,12/1/2011,31:00.7,43.0633,-,,,,,,,,
,,,,,,,,,,,,,
80.8377,0,TRUE  ,OTT      ,MN    ,2.2,,,,,,,,
600221531,NEIC     ,12/5/2011,41:28.6,,,,,,,,,,
,,,,,,,,,,,,,
37.958,-78,1.2,TRUE  ,CERI     ,MD    ,1.9,,,,,,,
603394176,NEIC     ,12/9/2011,,,,,,,,,,,
,,,,,,,,,,,,,
22:10:55,37.771,-77.643,16.3,TRUE  ,CERI     ,MD    ,2.2,,,,,,
603394192,NEIC     ,,,,,,,,,,,,
,,,,,,,,,,,,,
12/12/2011,47:48.1,37.969,-77.885,2.8,TRUE  ,CERI     ,MD    ,2.1,,,,,
603394195,,,,,,,,,,,,,
,,,,,,,,,,,,,
NEIC     ,12/12/2011,57:00.4,37.959,-77.999,1.3,TRUE  ,CERI     ,MD    ,2,,,,
,,,,,,,,,,,,,
,,,,,,,,,,,,,
600096384,ISC      ,12/24/2011,24:57.2,41.1287,-80.7481,10,TRUE  ,LDO      ,ML    ,2.5,,,
,,,,,,,,,,,,,
,,,,,,,,,,,,,
603394247,NEIC     ,12/24/2011,7:30:05,37.917,-78.004,4.2,TRUE  ,CERI     ,MD    ,2,,,
,,,,,,,,,,,,,
,,,,,,,,,,,,,
603838728,NEIC     ,1/8/2012,14:25:55,37.925,-77.988,4.6,TRUE  ,CERI     ,MD    ,1.9,,,
,,,,,,,,,,,,,
,,,,,,,,,,,,,
600190207,OTT      ,1/11/2012,12:51.3,42.4972,-73.8937,0,TRUE  ,OTT      ,MN    ,,,,
,,,,,,,,,,,,,
2.4,,,,,,,,,,,,,
600204792,OTT      ,1/13/2012,29:33.2,41.095,-80.6969,5,TRUE  ,OTT      ,,,,,
,,,,,,,,,,,,,
MN    ,2.4,,,,,,,,,,,,
603838783,NEIC     ,1/13/2012,23:18:05,37.883,-77.984,5.5,TRUE  ,,,,,,
,,,,,,,,,,,,,
NEIC     ,MN    ,2.3,,,,,,,,,,,
603838829,NEIC     ,1/18/2012,08:29.1,37.951,-77.956,1.2,,,,,,,
,,,,,,,,,,,,,
TRUE  ,CERI     ,MD    ,2.5,,,,,,,,,,
603838830,NEIC     ,1/18/2012,19:55.2,37.91,-77.996,,,,,,,,
,,,,,,,,,,,,,
5.5,TRUE  ,CERI     ,MD    ,2,,,,,,,,,
603838832,NEIC     ,1/18/2012,03:21.7,37.934,-,,,,,,,,
,,,,,,,,,,,,,
77.98,4.9,TRUE  ,NEIC     ,MN    ,2.5,,,,,,,,
602869013,OTT      ,1/24/2012,53:00.5,,,,,,,,,,
,,,,,,,,,,,,,
40.9946,-83.2701,0,TRUE  ,OTT      ,MN    ,2.2,,,,,,,
602869550,OTT      ,,,,,,,,,,,,
,,,,,,,,,,,,,
2/9/2012,10:16.9,43.2958,-80.1115,0,TRUE  ,OTT      ,MN    ,2,,,,,
602870141,,,,,,,,,,,,,
,,,,,,,,,,,,,
OTT      ,2/23/2012,06:32.5,43.0525,-80.9427,0,TRUE  ,OTT      ,MN    ,2.2,,,,
,,,,,,,,,,,,,
,,,,,,,,,,,,,
600784041,NEIC     ,2/27/2012,59:04.1,37.782,-77.561,12.7,TRUE  ,CERI     ,MD    ,1.9,,,
6,,,,,,,,,,,,,
,,,,,,,,,,,,,
738972,NEIC     ,2/28/2012,5:15:00,37.92,-77.995,3.7,TRUE  ,CERI     ,MD    ,1.8,,,
6,,,,,,,,,,,,,
,,,,,,,,,,,,,
794077,NEIC     ,3/16/2012,30:48.1,37.503,-78.172,7.8,TRUE  ,NEIC     ,MN    ,2.3,,,
6,,,,,,,,,,,,,
,,,,,,,,,,,,,
818869,ISC      ,3/23/2012,37:20.8,42.7681,-77.8231,5.3,      ,OTT      ,MN    ,2.5,LDO      ,ML    ,
,,,,,,,,,,,,,
2.5,OTT      ,MN    ,2.5,,,,,,,,,,
600849920,NEIC     ,4/3/2012,00:54.1,37.91,-77.996,6.3,TRUE  ,CERI     ,MD    ,2.5,,,
,,,,,,,,,,,,,
,,,,,,,,,,,,,
601119740,NEIC     ,4/11/2012,39:12.7,35.798,-83.838,19.4,TRUE  ,CERI     ,MN    ,2.2,,,
,,,,,,,,,,,,,
CERI     ,LG    ,2.2,,,,,,,,,,,
601134093,NEIC     ,5/1/2012,58:15.1,37.996,-77.543,9.4,TRUE  ,CERI     ,MD ,,,,
,,,,,,,,,,,,,
   ,2.1,,,,,,,,,,,,
601456317,NEIC     ,6/4/2012,05:01.7,37.696,-78.014,9.4,TRUE  ,CERI     ,,,,,
,,,,,,,,,,,,,
MD    ,2,,,,,,,,,,,,
602540359,NEIC     ,7/1/2012,04:11.4,37.975,-77.824,1.4,TRUE  ,CERI     ,,,,,
,,,,,,,,,,,,,
MD    ,2,,,,,,,,,,,,
601706340,NEIC     ,7/31/2012,43:01.1,37.818,-77.862,5,TRUE  ,NEIC     ,,,,,
,,,,,,,,,,,,,
MN    ,2.4,,,,,,,,,,,,
601532908,OTT      ,8/8/2012,06:30.4,43.288,-82.0025,18,TRUE  ,,,,,,
,,,,,,,,,,,,,
OTT      ,MN    ,2.2,,,,,,,,,,,
601626176,NEIC     ,8/21/2012,17:52:30,35.709,-82.851,,,,,,,,
,,,,,,,,,,,,,
4.1,TRUE  ,CERI     ,MD    ,2.2,ANF      ,ML    ,2.4,CERI     ,MD    ,2.2,,,
601712949,ISC      ,9/7/2012,,,,,,,,,,,
,,,,,,,,,,,,,
56:33.0,41.9104,-83.0399,1,      ,OGSO     ,MN    ,2.1,OTT      ,MN    ,2.5,OTT      ,MN    ,2.5
,,,,,,,,,,,,,
,,,,,,,,,,,,,
601699559,NEIC     ,9/8/2012,58:27.2,41.035,-73.543,4.3,TRUE  ,LDO      ,ML    ,2.1,,,
6,,,,,,,,,,,,,
,,,,,,,,,,,,,
1734494,NEIC     ,9/15/2012,51:16.7,39.509,-77.19,6,TRUE  ,LDO      ,ML    ,2.2,,,
6,,,,,,,,,,,,,
,,,,,,,,,,,,,
1997376,NEIC     ,10/7/2012,39:13.8,37.722,-77.755,15.2,TRUE  ,CERI     ,MD    ,2.2,,,
6,,,,,,,,,,,,,
,,,,,,,,,,,,,
1997459,NEIC     ,10/8/2012,28:43.6,37.309,-83.505,9.8,TRUE  ,CERI     ,MD    ,2.3,ANF      ,ML    ,1.9
,,,,,,,,,,,,,
CERI     ,MD    ,2.3,,,,,,,,,,,
601851588,NEIC     ,10/26/2012,34:58.5,43.356,-78.634,5,TRUE  ,LDO      ,ML    ,2.5,,,
,,,,,,,,,,,,,
,,,,,,,,,,,,,
602054256,NEIC     ,11/5/2012,6:19:11,41.075,-74.222,5,TRUE  ,LDO      ,ML    ,2,,,
,,,,,,,,,,,,,
,,,,,,,,,,,,,
601991663,NEIC     ,11/10/2012,51:24.5,37.141,-83.053,15.6,TRUE  ,CERI     ,MD    ,,,,
,,,,,,,,,,,,,
2.1,ANF      ,ML    ,2,CERI     ,MD    ,2.1,,,,,,,
601883920,NEIC     ,11/10/2012,37:07.8,37.144,-83.056,13.5,,,,,,,
,,,,,,,,,,,,,
TRUE  ,CERI     ,MD    ,2.5,CERI     ,MD    ,2.5,,,,,,,
602056132,NEIC     ,11/10/2012,06:52.2,,,,,,,,,,
,,,,,,,,,,,,,
37.154,-83.052,14.4,TRUE  ,CERI     ,MD    ,2.3,ANF      ,ML    ,2,CERI     ,MD    ,2.3,
601993870,NEIC     ,,,,,,,,,,,,
,,,,,,,,,,,,,
11/23/2012,13:21.0,39.789,-75.016,5,TRUE  ,LDO      ,ML    ,2.2,,,,,
602060017,,,,,,,,,,,,,
,,,,,,,,,,,,,
NEIC     ,11/24/2012,56:04.8,35.913,-83.497,8.9,TRUE  ,CERI     ,MD    ,2.5,ANF      ,ML    ,2.2,CERI     
,,,,,,,,,,,,,
MD    ,2.5,,,,,,,,,,,,
602210430,NEIC     ,11/28/2012,52:02.4,37.578,-83.108,19.6,TRUE  ,CERI     ,MD    ,2,ANF      ,ML ,
,,,,,,,,,,,,,
   ,2.1,CERI     ,MD    ,2,,,,,,,,,
